{
  "project_info": {
    "project_number": "1086162477123",
    "project_id": "simple-inventory-37292",
    "storage_bucket": "simple-inventory-37292.appspot.com"
  },
  "client": [
    {
      "client_info": {
        "mobilesdk_app_id": "1:1086162477123:android:78f504d5fac21464a274f6",
        "android_client_info": {
          "package_name": "com.myinventory.myinventoryapp"
        }
      },
      "oauth_client": [],
      "api_key": [
        {
          "current_key": "AIzaSyBmmENR-s0r-rPt_LvMVrjCwzYm7iJFMrg"
        }
      ],
      "services": {
        "appinvite_service": {
          "other_platform_oauth_client": []
        }
      }
    }
  ],
  "configuration_version": "1"
}